filename,undertone,R,G,B,H,S,V,rn,gn,bn
cool_034.jpg,cool,206.8,182.27,164.99,13,52,206,0.37325,0.32897,0.29779
cool_027.jpg,cool,185.33,172.02,176.48,171,18,185,0.34717,0.32224,0.33059
cool_028.jpeg,cool,213.62,176.39,150.02,12,75,213,0.39557,0.32664,0.2778
cool_023.jpg,cool,206.79,181.88,170.32,9,45,206,0.36993,0.32537,0.3047
cool_026.jpg,cool,185.09,144.15,126.85,9,81,185,0.40582,0.31606,0.27812
cool_011.jpeg,cool,220.32,183.08,160.86,12,70,220,0.39045,0.32447,0.28508
cool_013.jpeg,cool,201.64,167.58,150.63,10,65,201,0.38788,0.32236,0.28977
cool_012.jpeg,cool,218.83,195.57,185.8,9,39,218,0.36459,0.32584,0.30957
cool_018.jpg,cool,190.32,157.57,140.76,10,67,190,0.38948,0.32246,0.28806
cool_037.jpg,cool,221.35,185.63,168.21,10,61,221,0.38483,0.32272,0.29245
cool_022.jpg,cool,190.97,158.6,147.04,8,58,190,0.38454,0.31937,0.29609
cool_015.jpeg,cool,182.25,138.72,122.35,8,84,182,0.41111,0.31291,0.27598
cool_004.jpg,cool,212.42,157.26,132.24,9,96,212,0.42323,0.31331,0.26346
cool_001.jpg,cool,179.07,131.53,119.48,6,85,179,0.41636,0.30583,0.27781
cool_014.jpeg,cool,221.28,180.52,159.42,10,72,221,0.39429,0.32166,0.28406
cool_005.jpg,cool,199.31,157.13,139.16,9,77,199,0.40216,0.31705,0.28078
cool_010.jpg,cool,201.12,135.43,123.42,5,99,201,0.43726,0.29443,0.26832
cool_020.jpg,cool,203.83,184.45,182.42,3,26,203,0.35715,0.32321,0.31964
cool_031.jpeg,cool,232.87,205.93,186.46,12,51,232,0.37244,0.32935,0.29821
cool_006.jpg,cool,213.94,169.94,157.69,6,67,213,0.39504,0.31379,0.29117
cool_040.jpeg,cool,194.66,150.14,153.32,178,58,194,0.39079,0.30141,0.3078
cool_024.jpg,cool,207.17,176.38,161.4,10,57,207,0.38016,0.32366,0.29618
cool_029.jpeg,cool,216.33,184.31,161.12,13,65,216,0.3851,0.32809,0.28682
cool_032.jpeg,cool,197.8,176.47,165.38,10,41,197,0.36653,0.32701,0.30646
cool_019.jpg,cool,155.36,135.32,122.17,12,54,155,0.3763,0.32778,0.29591
cool_033.jpeg,cool,204.68,178.07,171.67,6,41,204,0.36918,0.32118,0.30963
cool_021.jpg,cool,218.39,189.71,176.29,9,49,218,0.37371,0.32463,0.30166
cool_017.jpg,cool,217.8,197.84,185.43,11,38,217,0.36235,0.32915,0.3085
cool_038.jpg,cool,198.26,173.04,158.78,11,52,198,0.37402,0.32643,0.29955
cool_030.jpeg,cool,229.74,210.2,206.51,5,26,229,0.35539,0.32516,0.31946
cool_025.jpg,cool,214.88,187.89,176.6,9,45,214,0.37089,0.3243,0.30481
cool_007.jpg,cool,210.55,151.48,154.25,178,72,210,0.40782,0.29341,0.29878
cool_003.jpg,cool,238.78,181.89,161.22,8,83,238,0.41035,0.31258,0.27707
cool_035.jpeg,cool,190.92,163.78,150.99,10,54,190,0.37755,0.32387,0.29858
cool_009.jpg,cool,223.87,146.13,134.93,4,102,223,0.44338,0.2894,0.26722
cool_008.jpg,cool,194.55,157.44,150.62,5,58,194,0.38708,0.31324,0.29968
cool_016.jpeg,cool,226.81,164.24,143.3,8,94,226,0.42447,0.30736,0.26817
cool_039.jpg,cool,203.62,177.42,175.79,2,35,203,0.36567,0.31863,0.3157
neutral_020.jpg,neutral,167.06,129.47,107.14,11,92,167,0.41386,0.32074,0.26541
neutral_002.jpeg,neutral,181.21,137.73,111.17,11,99,181,0.42132,0.32022,0.25847
neutral_014.jpeg,neutral,169.37,127.32,100.6,12,104,169,0.42632,0.32047,0.25322
neutral_024.jpeg,neutral,173.38,141.01,124.41,10,72,173,0.39513,0.32136,0.28352
neutral_005.jpg,neutral,186.36,118.36,75.07,12,152,186,0.4907,0.31165,0.19766
neutral_030.jpeg,neutral,204.62,157.83,133.13,10,89,204,0.41289,0.31847,0.26864
neutral_036.jpeg,neutral,194.86,148.16,122.67,11,95,194,0.41843,0.31815,0.26342
neutral_013.jpeg,neutral,177.66,134.91,112.31,10,94,177,0.41814,0.31753,0.26433
neutral_029.jpeg,neutral,212.65,188.55,177.9,9,42,212,0.3672,0.32559,0.3072
neutral_039.jpeg,neutral,211.05,167.16,149.26,9,75,211,0.40012,0.31691,0.28297
neutral_021.jpeg,neutral,183.64,149.68,134.73,9,68,183,0.39235,0.3198,0.28785
neutral_034.jpeg,neutral,198.74,161.24,140.16,11,75,198,0.39737,0.32239,0.28024
neutral_019.jpg,neutral,211.57,163.94,139.26,10,87,211,0.411,0.31848,0.27053
neutral_016.jpeg,neutral,188.48,150.33,123.64,12,88,188,0.40757,0.32507,0.26736
neutral_023.jpeg,neutral,193.36,155.96,137.22,10,74,193,0.39742,0.32056,0.28203
neutral_008.jpg,neutral,224.42,159.62,125.35,10,113,224,0.44057,0.31336,0.24608
neutral_004.jpeg,neutral,183.71,118.38,95.15,8,123,183,0.46247,0.298,0.23954
neutral_018.jpg,neutral,196.28,155.92,135.72,10,79,196,0.40228,0.31956,0.27816
neutral_038.jpeg,neutral,213.27,173.27,149.23,11,77,213,0.39806,0.32341,0.27854
neutral_010.jpg,neutral,213.36,150.5,132.93,7,97,213,0.42947,0.30295,0.26758
neutral_006.jpg,neutral,181.04,132.76,120.85,6,86,181,0.41652,0.30545,0.27803
neutral_017.jpg,neutral,166.08,128.35,108.37,10,89,166,0.41231,0.31865,0.26904
neutral_033.jpeg,neutral,195.79,149.29,126.9,10,90,195,0.41483,0.3163,0.26887
neutral_011.jpg,neutral,205.06,155.66,132.7,9,91,205,0.41558,0.31548,0.26894
neutral_001.jpg,neutral,193.24,159.13,146.7,8,62,193,0.3872,0.31886,0.29394
neutral_035.jpeg,neutral,186.01,141.9,115.32,11,97,186,0.41967,0.32015,0.26019
neutral_012.jpg,neutral,231.13,164.02,123.69,11,119,231,0.44548,0.31612,0.2384
neutral_025.jpeg,neutral,211.7,173.26,155.53,10,68,211,0.39168,0.32055,0.28776
neutral_028.jpeg,neutral,190.82,152.53,137.02,8,71,190,0.39723,0.31753,0.28523
neutral_022.jpeg,neutral,208.55,174.02,153.04,11,67,208,0.38938,0.3249,0.28573
neutral_032.jpeg,neutral,206.17,156.01,129.69,11,95,206,0.41915,0.31718,0.26366
neutral_027.jpeg,neutral,173.92,147.88,135.17,9,56,173,0.38059,0.32361,0.2958
neutral_031.jpg,neutral,200.68,156.03,130.07,11,89,200,0.41225,0.32054,0.26721
neutral_040.jpeg,neutral,208.77,175.39,158.72,10,61,208,0.38457,0.32307,0.29236
neutral_037.jpeg,neutral,202.09,144.58,112.7,11,114,202,0.43993,0.31473,0.24533
neutral_009.jpg,neutral,214.81,174.93,147.55,12,80,214,0.39981,0.32558,0.27461
neutral_015.jpeg,neutral,207.4,166.17,141.58,11,81,207,0.4026,0.32257,0.27483
neutral_026.jpeg,neutral,190.16,157.18,134.56,12,75,190,0.39461,0.32616,0.27922
olive_013.jpg,olive,185.55,132.88,107.1,10,108,185,0.43605,0.31226,0.25169
olive_036.jpeg,olive,155.76,115.24,89.28,12,109,155,0.43234,0.31985,0.2478
olive_027.jpeg,olive,159.19,115.54,78.53,14,130,159,0.45064,0.32707,0.2223
olive_020.jpeg,olive,174.55,130.83,98.55,13,111,174,0.43213,0.32389,0.24398
olive_039.jpeg,olive,106.7,75.18,47.97,14,142,106,0.46422,0.32709,0.20869
olive_035.jpeg,olive,152.19,120.34,88.57,15,107,152,0.42146,0.33325,0.24529
olive_038.jpeg,olive,148.17,115.16,84.03,15,110,148,0.42656,0.33154,0.24191
olive_016.jpeg,olive,188.59,153.43,120.17,15,92,188,0.40804,0.33196,0.26
olive_008.jpg,olive,181.57,162.64,138.07,17,61,181,0.37649,0.33723,0.28629
olive_037.jpeg,olive,125.35,94.74,70.0,13,114,125,0.43211,0.32659,0.2413
olive_015.jpeg,olive,178.75,130.71,100.59,12,112,178,0.43592,0.31876,0.24532
olive_025.jpeg,olive,195.01,170.18,144.53,15,67,195,0.38258,0.33387,0.28355
olive_024.jpeg,olive,181.43,151.53,129.16,13,73,181,0.3926,0.32791,0.27949
olive_006.jpg,olive,196.48,170.07,141.55,16,72,196,0.38669,0.33471,0.2786
olive_028.jpeg,olive,171.73,127.43,94.12,13,115,171,0.43666,0.32402,0.23932
olive_021.jpeg,olive,178.26,133.07,103.41,12,107,178,0.42981,0.32085,0.24934
olive_019.jpeg,olive,186.99,145.73,106.2,15,110,186,0.42603,0.33202,0.24196
olive_005.jpg,olive,243.02,210.2,181.15,14,65,243,0.38309,0.33135,0.28556
olive_022.jpeg,olive,190.16,163.99,136.45,15,72,190,0.38761,0.33426,0.27813
olive_034.jpeg,olive,168.19,127.41,89.17,14,120,168,0.43712,0.33113,0.23176
olive_023.jpeg,olive,190.29,144.11,103.51,14,117,190,0.43455,0.32908,0.23636
olive_026.jpeg,olive,154.42,119.89,90.09,14,106,154,0.42377,0.32899,0.24724
olive_012.jpg,olive,175.17,133.54,107.22,11,99,175,0.42115,0.32107,0.25779
olive_030.jpeg,olive,164.58,127.23,98.63,13,103,164,0.42153,0.32585,0.25262
olive_003.jpg,olive,224.31,166.04,142.58,9,93,224,0.4209,0.31157,0.26754
olive_010.jpg,olive,184.31,156.58,122.19,16,86,184,0.39801,0.33812,0.26386
olive_001.jpeg,olive,237.75,166.7,123.49,11,123,237,0.45033,0.31576,0.23391
olive_007.jpg,olive,191.32,159.69,124.9,16,89,191,0.40201,0.33554,0.26245
olive_029.jpeg,olive,186.79,159.68,131.42,15,75,186,0.39086,0.33414,0.275
olive_014.jpg,olive,173.49,123.86,92.55,11,119,173,0.44496,0.31768,0.23736
olive_018.jpeg,olive,190.89,148.08,108.19,15,110,190,0.4269,0.33116,0.24194
olive_040.jpeg,olive,125.42,91.35,54.33,16,145,125,0.46262,0.33698,0.2004
olive_032.jpeg,olive,152.82,120.2,82.21,16,117,152,0.43019,0.33837,0.23144
olive_004.jpg,olive,219.53,156.78,136.95,7,97,219,0.42772,0.30546,0.26683
olive_031.jpeg,olive,177.45,128.09,94.79,12,120,177,0.44326,0.31996,0.23678
olive_002.jpg,olive,221.56,165.27,121.9,13,115,221,0.43552,0.32486,0.23962
olive_033.jpeg,olive,164.79,133.49,99.96,16,101,164,0.41379,0.33519,0.25101
olive_009.jpg,olive,186.45,142.79,99.8,15,119,186,0.43456,0.33282,0.23262
warm_014.jpeg,warm,188.8,131.52,101.77,10,118,188,0.4473,0.31159,0.24112
warm_013.jpeg,warm,158.82,113.71,89.37,10,111,158,0.43884,0.31421,0.24695
warm_003.jpeg,warm,214.56,175.63,147.03,13,80,214,0.3994,0.32692,0.27368
warm_022.jpg,warm,163.93,114.16,87.2,11,119,163,0.44877,0.31252,0.23872
warm_008.jpg,warm,225.96,154.23,112.82,11,128,225,0.45832,0.31283,0.22884
warm_029.jpg,warm,152.05,98.81,73.57,9,133,152,0.46867,0.30456,0.22677
warm_034.jpg,warm,138.94,96.32,73.84,11,120,138,0.44949,0.31162,0.23889
warm_005.png,warm,192.69,141.75,113.67,11,105,192,0.43,0.31633,0.25367
warm_019.jpeg,warm,173.65,132.35,110.98,10,93,173,0.41645,0.31741,0.26614
warm_004.jpeg,warm,202.2,158.59,134.96,11,86,202,0.40787,0.31989,0.27224
warm_039.jpg,warm,171.97,133.1,110.72,11,91,171,0.41361,0.3201,0.26629
warm_009.jpg,warm,223.9,150.37,111.66,10,128,223,0.46077,0.30945,0.22978
warm_028.jpg,warm,164.11,110.77,81.18,10,129,164,0.4609,0.31111,0.22799
warm_040.jpg,warm,184.57,133.79,105.7,11,109,184,0.43524,0.31551,0.24925
warm_032.jpg,warm,175.98,122.86,95.5,10,117,175,0.44626,0.31155,0.24219
warm_023.jpg,warm,161.94,111.84,87.46,10,117,161,0.44829,0.3096,0.24212
warm_021.jpg,warm,210.05,152.45,125.34,10,103,210,0.43057,0.31251,0.25692
warm_010.jpg,warm,230.85,158.01,115.94,11,127,230,0.45731,0.31301,0.22968
warm_033.jpg,warm,148.2,105.42,90.52,8,100,148,0.43064,0.30632,0.26304
warm_011.jpg,warm,199.92,139.01,95.42,13,133,199,0.46027,0.32004,0.21968
warm_035.jpg,warm,217.7,177.24,155.18,11,73,217,0.39573,0.32218,0.28208
warm_012.jpeg,warm,202.94,157.88,143.5,7,74,202,0.4024,0.31306,0.28454
warm_001.jpeg,warm,193.06,127.89,110.69,6,110,193,0.44727,0.29629,0.25644
warm_036.jpg,warm,214.47,181.12,167.68,9,56,214,0.38076,0.32155,0.29769
warm_002.jpeg,warm,179.2,119.06,94.28,9,121,179,0.45651,0.30331,0.24018
warm_038.jpg,warm,190.64,128.32,97.72,10,125,190,0.45752,0.30796,0.23452
warm_027.jpg,warm,171.82,121.57,91.08,11,119,171,0.44691,0.31619,0.2369
warm_030.jpg,warm,177.06,132.38,93.6,14,121,177,0.4393,0.32845,0.23225
warm_007.jpg,warm,208.65,154.69,137.5,7,87,208,0.4166,0.30886,0.27453
warm_037.jpg,warm,187.93,145.06,129.95,8,79,187,0.40595,0.31334,0.28071
warm_024.jpg,warm,164.04,109.88,87.52,9,120,164,0.45385,0.30401,0.24214
warm_020.jpg,warm,171.49,130.38,108.05,10,94,171,0.41835,0.31806,0.26359
warm_031.jpg,warm,173.05,135.0,103.42,14,103,173,0.42057,0.32809,0.25135
warm_026.jpg,warm,185.46,151.91,121.63,14,88,185,0.40405,0.33096,0.26499
warm_018.jpg,warm,193.07,145.39,117.33,11,100,193,0.4236,0.31899,0.25741
warm_025.jpg,warm,167.89,125.7,97.68,12,107,167,0.42909,0.32126,0.24965
warm_016.jpg,warm,164.1,109.45,79.26,11,132,164,0.46512,0.31023,0.22464
